N,voxels,time_s,fitness_score
2,8,0.33982987492345273,0.481354
3,27,1.1026832920033485,0.0219833
4,64,2.706312624970451,3.04872
5,125,4.94522108300589,11.6954
6,216,8.870974082965404,11.9539
7,343,14.250737791880965,0.412053
8,512,22.252520750043914,1.89841
